{
  "version": 1.0,
  "extension": {
    "js": {
      "headers":
        {
          "cache-control": "max-age=172800, public"
        }
    },
    "json": {
      "headers":
        {
          "cache-control": "max-age=172800, public"
        }
    },
    "css": {
      "headers":
        {
          "cache-control": "max-age=172800, public"
        }
    },
    "dds": {
       "headers":
           {
               "cache-control": "max-age=172800, public"
           }
    },
    "png": {
       "headers":
           {
               "cache-control": "max-age=172800, public"
           }
    }

  }
}
